INSERT INTO UPSKILL_BD_TURMA2_12.ANTIGUIDADE (ID,DE,ATE,PCT) VALUES
	 (1,5,10,2),
	 (2,10.001,20,8),
	 (3,20.001,NULL,20);INSERT INTO UPSKILL_BD_TURMA2_12.ATIVIDADE (ID,NOME) VALUES
	 (1,'Caminhada'),
	 (2,'Corrida'),
	 (3,'Ciclismo'),
	 (4,'Natação');INSERT INTO UPSKILL_BD_TURMA2_12.ATIVIDADEATLETA (ID_ATLETA,ID_ATIVIDADE) VALUES
	 (1,2),
	 (2,2),
	 (3,3),
	 (4,2),
	 (5,2),
	 (6,1),
	 (7,2),
	 (8,1),
	 (8,2),
	 (8,3);
INSERT INTO UPSKILL_BD_TURMA2_12.ATIVIDADEATLETA (ID_ATLETA,ID_ATIVIDADE) VALUES
	 (9,2),
	 (10,2),
	 (11,3),
	 (12,4),
	 (13,2),
	 (14,1),
	 (15,3),
	 (16,3),
	 (17,1),
	 (18,1);
INSERT INTO UPSKILL_BD_TURMA2_12.ATIVIDADEATLETA (ID_ATLETA,ID_ATIVIDADE) VALUES
	 (19,1),
	 (20,1),
	 (21,4),
	 (22,3),
	 (23,1),
	 (24,4),
	 (25,1),
	 (26,1),
	 (27,1),
	 (28,1);
INSERT INTO UPSKILL_BD_TURMA2_12.ATIVIDADEATLETA (ID_ATLETA,ID_ATIVIDADE) VALUES
	 (29,3),
	 (30,1),
	 (31,3),
	 (32,4),
	 (33,3),
	 (34,4),
	 (35,3),
	 (36,1),
	 (37,3),
	 (38,1);
INSERT INTO UPSKILL_BD_TURMA2_12.ATIVIDADEATLETA (ID_ATLETA,ID_ATIVIDADE) VALUES
	 (39,2),
	 (40,3),
	 (41,2),
	 (42,2),
	 (42,3),
	 (43,3),
	 (44,2),
	 (45,1),
	 (46,2),
	 (47,1);
INSERT INTO UPSKILL_BD_TURMA2_12.ATIVIDADEATLETA (ID_ATLETA,ID_ATIVIDADE) VALUES
	 (48,3),
	 (49,1),
	 (49,2),
	 (50,1),
	 (51,1),
	 (52,2),
	 (53,1),
	 (54,2),
	 (55,1),
	 (56,1);
INSERT INTO UPSKILL_BD_TURMA2_12.ATIVIDADEATLETA (ID_ATLETA,ID_ATIVIDADE) VALUES
	 (56,3),
	 (57,3),
	 (58,4),
	 (59,2),
	 (60,1),
	 (61,1),
	 (61,2),
	 (61,3),
	 (61,4),
	 (62,1);
INSERT INTO UPSKILL_BD_TURMA2_12.ATIVIDADEATLETA (ID_ATLETA,ID_ATIVIDADE) VALUES
	 (63,3),
	 (64,1),
	 (65,2),
	 (66,1),
	 (67,1),
	 (68,1),
	 (69,2),
	 (70,1),
	 (71,2),
	 (72,3);
INSERT INTO UPSKILL_BD_TURMA2_12.ATIVIDADEATLETA (ID_ATLETA,ID_ATIVIDADE) VALUES
	 (73,2),
	 (74,4),
	 (75,3),
	 (76,1),
	 (77,1),
	 (78,1),
	 (79,3),
	 (80,3),
	 (81,2),
	 (82,1);
INSERT INTO UPSKILL_BD_TURMA2_12.ATIVIDADEATLETA (ID_ATLETA,ID_ATIVIDADE) VALUES
	 (83,3),
	 (84,3),
	 (85,2),
	 (86,3),
	 (87,3),
	 (88,2),
	 (89,4),
	 (90,1),
	 (91,2),
	 (92,1);
INSERT INTO UPSKILL_BD_TURMA2_12.ATIVIDADEATLETA (ID_ATLETA,ID_ATIVIDADE) VALUES
	 (93,2),
	 (94,1),
	 (95,3),
	 (96,3),
	 (97,3),
	 (98,4),
	 (99,3),
	 (100,2);INSERT INTO UPSKILL_BD_TURMA2_12.ATLETA (ID,NOME,NIC,GENERO,DATA_NASCIMENTO,TIPO_ATLETA) VALUES
	 (1,'Harper Chapman','726164761','F',TIMESTAMP'1994-02-02 00:00:00.0',1),
	 (2,'Autumn Allen','280442756','F',TIMESTAMP'1955-02-07 00:00:00.0',2),
	 (3,'Chanda Sanchez','559765545','M',TIMESTAMP'1983-11-10 00:00:00.0',1),
	 (4,'Libby Warren','309645065','M',TIMESTAMP'1962-02-23 00:00:00.0',3),
	 (5,'Ivy Bruce','631769045','M',TIMESTAMP'1957-01-10 00:00:00.0',2),
	 (6,'Cyrus Morin','740125160','M',TIMESTAMP'1989-05-31 00:00:00.0',1),
	 (7,'Rowan Mcgee','283601078','M',TIMESTAMP'1956-07-28 00:00:00.0',1),
	 (8,'Uriel Schneider','075413578','F',TIMESTAMP'1981-11-09 00:00:00.0',3),
	 (9,'Buckminster Hendrix','150334658','M',TIMESTAMP'1994-05-06 00:00:00.0',2),
	 (10,'Omar Rich','733593979','F',TIMESTAMP'1985-05-22 00:00:00.0',2);
INSERT INTO UPSKILL_BD_TURMA2_12.ATLETA (ID,NOME,NIC,GENERO,DATA_NASCIMENTO,TIPO_ATLETA) VALUES
	 (11,'Benedict Morrow','468626473','M',TIMESTAMP'1955-10-31 00:00:00.0',1),
	 (12,'Tamara Acosta','653842226','M',TIMESTAMP'1979-04-17 00:00:00.0',1),
	 (13,'Jacqueline Nolan','671003090','F',TIMESTAMP'1996-01-30 00:00:00.0',3),
	 (14,'Rina Hines','247101431','M',TIMESTAMP'1995-03-17 00:00:00.0',3),
	 (15,'India Olson','464679555','M',TIMESTAMP'1970-04-16 00:00:00.0',2),
	 (16,'Dexter King','365881961','M',TIMESTAMP'2000-07-02 00:00:00.0',3),
	 (17,'Dai Chandler','271443848','F',TIMESTAMP'2001-11-11 00:00:00.0',2),
	 (18,'Virginia Nelson','029402482','M',TIMESTAMP'1993-03-19 00:00:00.0',1),
	 (19,'Ashton Patrick','370475747','M',TIMESTAMP'1994-05-24 00:00:00.0',3),
	 (20,'Whilemina Meadows','645898377','F',TIMESTAMP'1982-01-15 00:00:00.0',3);
INSERT INTO UPSKILL_BD_TURMA2_12.ATLETA (ID,NOME,NIC,GENERO,DATA_NASCIMENTO,TIPO_ATLETA) VALUES
	 (21,'Melodie Whitley','816326673','M',TIMESTAMP'1969-04-07 00:00:00.0',2),
	 (22,'Dean Gallegos','607281570','M',TIMESTAMP'1989-12-04 00:00:00.0',1),
	 (23,'Xander Walters','607412274','F',TIMESTAMP'1952-08-29 00:00:00.0',1),
	 (24,'Yuli Cannon','980497654','M',TIMESTAMP'1988-02-17 00:00:00.0',2),
	 (25,'Clio Vinson','547280376','M',TIMESTAMP'1989-08-12 00:00:00.0',2),
	 (26,'Desiree Woodward','950693882','F',TIMESTAMP'1984-07-05 00:00:00.0',3),
	 (27,'Martin Houston','130217026','M',TIMESTAMP'1992-10-22 00:00:00.0',1),
	 (28,'Kieran Gould','233980669','M',TIMESTAMP'1970-09-04 00:00:00.0',1),
	 (29,'Walter Conley','110071269','F',TIMESTAMP'1980-09-22 00:00:00.0',2),
	 (30,'Ivy Elliott','918756017','F',TIMESTAMP'1990-01-24 00:00:00.0',2);
INSERT INTO UPSKILL_BD_TURMA2_12.ATLETA (ID,NOME,NIC,GENERO,DATA_NASCIMENTO,TIPO_ATLETA) VALUES
	 (31,'Whoopi Terrell','230785395','M',TIMESTAMP'1951-07-20 00:00:00.0',2),
	 (32,'Edward Williamson','131769584','M',TIMESTAMP'1952-06-16 00:00:00.0',1),
	 (33,'Ignacia Mooney','229254757','F',TIMESTAMP'1952-05-18 00:00:00.0',1),
	 (34,'Leah Massey','774004588','M',TIMESTAMP'1957-05-13 00:00:00.0',1),
	 (35,'Octavius Dickson','604385918','F',TIMESTAMP'1958-08-23 00:00:00.0',1),
	 (36,'Tashya Mckee','656545993','M',TIMESTAMP'1966-04-13 00:00:00.0',2),
	 (37,'Cruz Flores','380423765','M',TIMESTAMP'1975-11-03 00:00:00.0',2),
	 (38,'Carl Sloan','041961576','M',TIMESTAMP'1999-05-07 00:00:00.0',3),
	 (39,'Ashely Carroll','077250080','F',TIMESTAMP'1956-04-15 00:00:00.0',2),
	 (40,'Plato Frye','258926719','M',TIMESTAMP'1952-09-30 00:00:00.0',3);
INSERT INTO UPSKILL_BD_TURMA2_12.ATLETA (ID,NOME,NIC,GENERO,DATA_NASCIMENTO,TIPO_ATLETA) VALUES
	 (41,'Molly Gilliam','550297815','M',TIMESTAMP'1957-09-02 00:00:00.0',3),
	 (42,'Macaulay Holloway','236115862','M',TIMESTAMP'1994-06-25 00:00:00.0',2),
	 (43,'Pamela Rhodes','246871011','F',TIMESTAMP'1957-05-14 00:00:00.0',1),
	 (44,'Joelle Singleton','101545264','M',TIMESTAMP'1978-04-12 00:00:00.0',2),
	 (45,'Leila Ayala','717054756','M',TIMESTAMP'1986-02-06 00:00:00.0',2),
	 (46,'Kibo Stevenson','849698331','F',TIMESTAMP'1999-04-10 00:00:00.0',3),
	 (47,'Jermaine Harrell','316555946','F',TIMESTAMP'1965-12-08 00:00:00.0',3),
	 (48,'Walter Huber','171904310','M',TIMESTAMP'1965-05-07 00:00:00.0',2),
	 (49,'Knox Patton','143120676','M',TIMESTAMP'1972-11-29 00:00:00.0',1),
	 (50,'Odysseus Duran','139855390','F',TIMESTAMP'1976-03-27 00:00:00.0',3);
INSERT INTO UPSKILL_BD_TURMA2_12.ATLETA (ID,NOME,NIC,GENERO,DATA_NASCIMENTO,TIPO_ATLETA) VALUES
	 (51,'Harding Flores','486580835','M',TIMESTAMP'1982-04-18 00:00:00.0',2),
	 (52,'Priscilla Mcintosh','411163523','M',TIMESTAMP'1994-03-29 00:00:00.0',2),
	 (53,'Tana Welch','462297052','F',TIMESTAMP'2004-03-01 00:00:00.0',1),
	 (54,'Elliott Olson','367192894','M',TIMESTAMP'1974-06-05 00:00:00.0',2),
	 (55,'Amela Rodriguez','279383595','M',TIMESTAMP'1991-06-14 00:00:00.0',2),
	 (56,'Shaeleigh Langley','410069037','M',TIMESTAMP'1971-06-15 00:00:00.0',1),
	 (57,'Amethyst Shannon','483766935','F',TIMESTAMP'1986-05-14 00:00:00.0',2),
	 (58,'Judah Roy','209707769','M',TIMESTAMP'1996-02-11 00:00:00.0',3),
	 (59,'Axel Mcneil','380637258','M',TIMESTAMP'1980-12-03 00:00:00.0',1),
	 (60,'Dominic Durham','167863533','F',TIMESTAMP'1988-01-24 00:00:00.0',1);
INSERT INTO UPSKILL_BD_TURMA2_12.ATLETA (ID,NOME,NIC,GENERO,DATA_NASCIMENTO,TIPO_ATLETA) VALUES
	 (61,'Colt Dominguez','154689461','M',TIMESTAMP'1997-06-25 00:00:00.0',2),
	 (62,'Adena Hatfield','770757427','F',TIMESTAMP'1977-09-26 00:00:00.0',1),
	 (63,'Ferdinand Cantu','329814702','F',TIMESTAMP'1957-04-26 00:00:00.0',3),
	 (64,'Maya Baldwin','886447956','F',TIMESTAMP'1960-06-28 00:00:00.0',2),
	 (65,'Finn Hines','556489893','M',TIMESTAMP'1980-09-24 00:00:00.0',1),
	 (66,'Honorato Goodman','910269236','M',TIMESTAMP'1993-05-30 00:00:00.0',2),
	 (67,'Lisandra Fields','739414764','M',TIMESTAMP'1993-08-16 00:00:00.0',3),
	 (68,'Jolene Marsh','610901953','F',TIMESTAMP'1992-10-07 00:00:00.0',3),
	 (69,'Ferdinand Patterson','169397582','M',TIMESTAMP'1998-04-30 00:00:00.0',1),
	 (70,'Calvin Matthews','460948374','F',TIMESTAMP'1979-11-12 00:00:00.0',2);
INSERT INTO UPSKILL_BD_TURMA2_12.ATLETA (ID,NOME,NIC,GENERO,DATA_NASCIMENTO,TIPO_ATLETA) VALUES
	 (71,'Benedict Massey','629641459','F',TIMESTAMP'1998-10-22 00:00:00.0',2),
	 (72,'Ishmael Mcmillan','527439505','M',TIMESTAMP'2004-01-07 00:00:00.0',3),
	 (73,'Reese Walton','906471116','M',TIMESTAMP'1987-01-01 00:00:00.0',1),
	 (74,'Theodore Sargent','402101091','M',TIMESTAMP'1969-02-22 00:00:00.0',1),
	 (75,'Zachery Giles','506429210','F',TIMESTAMP'1953-06-11 00:00:00.0',1),
	 (76,'Jared Donaldson','035879489','F',TIMESTAMP'1963-05-12 00:00:00.0',1),
	 (77,'Caryn Mathis','849019924','F',TIMESTAMP'1952-03-04 00:00:00.0',1),
	 (78,'Aimee Ferguson','052677493','M',TIMESTAMP'1982-04-07 00:00:00.0',3),
	 (79,'Keith Rodgers','390673595','M',TIMESTAMP'1963-07-09 00:00:00.0',3),
	 (80,'Kermit Gallegos','473956373','F',TIMESTAMP'1958-06-27 00:00:00.0',3);
INSERT INTO UPSKILL_BD_TURMA2_12.ATLETA (ID,NOME,NIC,GENERO,DATA_NASCIMENTO,TIPO_ATLETA) VALUES
	 (81,'Tallulah Eaton','031246179','M',TIMESTAMP'2001-03-01 00:00:00.0',2),
	 (82,'Tiger Brewer','806505005','F',TIMESTAMP'1966-07-28 00:00:00.0',1),
	 (83,'Stacy English','923143243','F',TIMESTAMP'1997-10-11 00:00:00.0',2),
	 (84,'Whitney Cortez','230896504','M',TIMESTAMP'1956-07-13 00:00:00.0',1),
	 (85,'Cheyenne Blankenship','996885679','F',TIMESTAMP'1983-01-06 00:00:00.0',1),
	 (86,'Denise Hunter','202185659','M',TIMESTAMP'1966-12-13 00:00:00.0',1),
	 (87,'Erica Cohen','172138430','F',TIMESTAMP'1967-08-20 00:00:00.0',3),
	 (88,'Martena Weaver','336774794','M',TIMESTAMP'1973-04-14 00:00:00.0',2),
	 (89,'Kelsey Green','348247600','M',TIMESTAMP'1997-04-09 00:00:00.0',3),
	 (90,'Hayley Vargas','904228528','F',TIMESTAMP'1991-11-18 00:00:00.0',3);
INSERT INTO UPSKILL_BD_TURMA2_12.ATLETA (ID,NOME,NIC,GENERO,DATA_NASCIMENTO,TIPO_ATLETA) VALUES
	 (91,'Malcolm Vazquez','377454942','M',TIMESTAMP'1999-08-30 00:00:00.0',1),
	 (92,'Charity Zamora','859661770','M',TIMESTAMP'1975-05-03 00:00:00.0',2),
	 (93,'Vladimir Nichols','303152782','F',TIMESTAMP'1994-07-02 00:00:00.0',2),
	 (94,'Tana Moon','332466160','M',TIMESTAMP'1964-07-22 00:00:00.0',1),
	 (95,'Kennan Mcdowell','709231193','F',TIMESTAMP'1997-04-12 00:00:00.0',3),
	 (96,'Alexis Morin','726589100','F',TIMESTAMP'1962-11-18 00:00:00.0',3),
	 (97,'Wesley Suarez','583664365','M',TIMESTAMP'1964-05-29 00:00:00.0',2),
	 (98,'Alfonso Waters','882185369','M',TIMESTAMP'1974-06-28 00:00:00.0',2),
	 (99,'Farrah Santos','795239336','F',TIMESTAMP'1958-03-19 00:00:00.0',1),
	 (100,'Tanisha Moody','569160060','F',TIMESTAMP'1979-03-19 00:00:00.0',1);INSERT INTO UPSKILL_BD_TURMA2_12.COMPETICAO (ID,"DATA",NOME,ID_ATIVIDADE) VALUES
	 (1,TIMESTAMP'2020-01-15 00:00:00.0','Masters Caminhada 2020',1),
	 (2,TIMESTAMP'2020-03-15 00:00:00.0','Upskill a Correr',2),
	 (3,TIMESTAMP'2020-03-25 00:00:00.0','Upskill 100% a pedalar',3),
	 (4,TIMESTAMP'2020-06-15 00:00:00.0','Nadar é saúde',4);INSERT INTO UPSKILL_BD_TURMA2_12.FORMULAFCM (ID,FORMULA) VALUES
	 (1,'208.75-(0.73*idade)'),
	 (2,'189-(0.56*idade)'),
	 (3,'202-(0.72*idade)'),
	 (4,'204-(1.7*idade)');INSERT INTO UPSKILL_BD_TURMA2_12.FORMULAFCT (ID,FORMULA) VALUES
	 (1,'fcr+(it*(fcm-fcr))');INSERT INTO UPSKILL_BD_TURMA2_12.GENERO (GENERO) VALUES
	 ('F'),
	 ('M');INSERT INTO UPSKILL_BD_TURMA2_12.PARTICIPA (ID_ATLETA,ID_COMPETICAO) VALUES
	 (1,2),
	 (2,2),
	 (3,3),
	 (4,2),
	 (5,2),
	 (7,2),
	 (8,1),
	 (8,2),
	 (8,3),
	 (9,2);
INSERT INTO UPSKILL_BD_TURMA2_12.PARTICIPA (ID_ATLETA,ID_COMPETICAO) VALUES
	 (10,2),
	 (11,3),
	 (12,4),
	 (13,2),
	 (14,1),
	 (16,3),
	 (17,1),
	 (18,1),
	 (19,1),
	 (20,1);
INSERT INTO UPSKILL_BD_TURMA2_12.PARTICIPA (ID_ATLETA,ID_COMPETICAO) VALUES
	 (21,4),
	 (22,3),
	 (23,1),
	 (24,4),
	 (26,1),
	 (27,1),
	 (28,1),
	 (29,3),
	 (30,1),
	 (31,3);
INSERT INTO UPSKILL_BD_TURMA2_12.PARTICIPA (ID_ATLETA,ID_COMPETICAO) VALUES
	 (32,4),
	 (34,4),
	 (35,3),
	 (36,1),
	 (38,1),
	 (39,2),
	 (40,3),
	 (41,2),
	 (42,2),
	 (42,3);
INSERT INTO UPSKILL_BD_TURMA2_12.PARTICIPA (ID_ATLETA,ID_COMPETICAO) VALUES
	 (44,2),
	 (45,1),
	 (46,2),
	 (48,3),
	 (49,1),
	 (49,2),
	 (50,1),
	 (51,1),
	 (52,2),
	 (53,1);
INSERT INTO UPSKILL_BD_TURMA2_12.PARTICIPA (ID_ATLETA,ID_COMPETICAO) VALUES
	 (55,1),
	 (56,1),
	 (56,3),
	 (57,3),
	 (58,4),
	 (59,2),
	 (60,1),
	 (61,1),
	 (61,2),
	 (61,3);
INSERT INTO UPSKILL_BD_TURMA2_12.PARTICIPA (ID_ATLETA,ID_COMPETICAO) VALUES
	 (62,1),
	 (63,3),
	 (65,2),
	 (66,1),
	 (67,1),
	 (68,1),
	 (69,2),
	 (70,1),
	 (72,3),
	 (73,2);
INSERT INTO UPSKILL_BD_TURMA2_12.PARTICIPA (ID_ATLETA,ID_COMPETICAO) VALUES
	 (74,4),
	 (75,3),
	 (77,1),
	 (78,1),
	 (79,3),
	 (80,3),
	 (81,2),
	 (83,3),
	 (84,3),
	 (86,3);
INSERT INTO UPSKILL_BD_TURMA2_12.PARTICIPA (ID_ATLETA,ID_COMPETICAO) VALUES
	 (87,3),
	 (88,2),
	 (89,4),
	 (90,1),
	 (91,2),
	 (92,1),
	 (93,2),
	 (94,1),
	 (96,3),
	 (97,3);
INSERT INTO UPSKILL_BD_TURMA2_12.PARTICIPA (ID_ATLETA,ID_COMPETICAO) VALUES
	 (98,4),
	 (99,3),
	 (100,2);INSERT INTO UPSKILL_BD_TURMA2_12.TIPOAMADOR (TIPO,PCT_VARIAVEL) VALUES
	 (3,7);INSERT INTO UPSKILL_BD_TURMA2_12.TIPOATLETA (TIPO,NOME) VALUES
	 (1,'Profissional'),
	 (2,'SemiProfissional'),
	 (3,'Amador');INSERT INTO UPSKILL_BD_TURMA2_12.TIPOPROFISSIONAL (TIPO,PCT_VARIAVEL) VALUES
	 (1,20);INSERT INTO UPSKILL_BD_TURMA2_12.TIPOSEMIPROFISSIONAL (TIPO,PCT_FIXA) VALUES
	 (2,NULL);